{"timestamp":1765173104,"btc":4.2e-7,"ltc":0.00102353,"doge":3.60965596}